AccountID,Customer ID ,UserName,PassWord
123999,12567,asd1234dfs,Liu12768*
245899,27362,adwords129,123@asffew
457889,22343,angel0293dsj,123@ddd#
694500,23975,baituohcsjd,assd$aasd
234667,34536,1826385gksl,!2345%67
450988,45678,zxsf66566,12Liuxwe$$
238990,12662,091awwwds,09578%Hus
456998,97473,baituoo0987,assd$Aaueu
679002,78234,123huisizasdc,!@#sdfvfds
123099,65667,12huituziasd,65com1244