Cutomer ID,CustomerFirstName,CustomerLastName,CustomerStreetAddress,CustomerCity,CustomerState,CustomerZipCode ,CustomerEmail,CustomerPhoneNo,AccountID,Customer ID ,UserName,PassWord,PaymentMethodID,AccountID,CardType,CardNumber,FirstNameOnCard,LastNameOnCard,CardExpirationDate,CVV,BillingStreetAddress,BillingCity,BillingState,BillingZipCode,BillingPhoneNo,PaymentID,PaymentMethodID,PaymentDate
12567,James,Smith,555 14th Avenue NE,Seattle,WA,98107,James998@gmail.com,2061234766,123999,12567,asd1234dfs,Liu12768*,12342330,123999,Amex,382938770912387,James,Smith,2024-09-01,2342,555 14th Avenue NE,Seattle,WA,98107,2061234766,923393,12342330,2020-01-23
27362,John,Miller,480 Sutter St,San Francisco,CA,94108,iiiooo@gmail.com,6502228211,245899,27362,adwords129,123@asffew,12134532,245899,MasterCard,4349876520987630,John,Miller,2026-09-01,942,480 Sutter St,San Francisco,CA,94108,6502228211,828938,12134532,2020-03-21
22343,William,Wilson,188 Madison Ave,New York,NY,10016,williamoo@hotmail.com,9173103722,457889,22343,angel0293dsj,123@ddd#,12399000,457889,Discover,4209812349880980,William,Wilson,2025-12-01,234,188 Madison Ave,New York,NY,10016,9173103722,239242,12399000,2019-12-20
23975,Linda,Lee,3960 Forbes Ave ,Pittsburgh ,PA,15260,lindalee@outlook.com,4127679987,694500,23975,baituohcsjd,assd$aasd,32883330,694500,Visa,4098123476987110,Linda,Lee,2025-04-01,927,3960 Forbes Ave ,Pittsburgh ,PA,15260,4127679987,996232,32883330,2019-12-25
34536,Helen,Clark,975 Bascom Mall ,Madison,WI,53706,mclark@gmail.com,6082383214,234667,34536,1826385gksl,!2345%67,31975689,234667,Amex,390812300098675,Helen,Clark,2027-12-01,2566,975 Bascom Mall ,Madison,WI,53706,6082383214,508394,31975689,2020-03-12
45678,Ben,Young,2034 Whitis Ave ,Austin,TX,78712,yben@utexas.edu,5129876552,450988,45678,zxsf66566,12Liuxwe$$,23902345,450988,Visa,4322098901239980,Ben,Young,2026-01-01,299,2034 Whitis Ave ,Austin,TX,78712,5129876552,349248,23902345,2020-02-14
12662,Susan,Scott,1515 Holcombe Blvd,Houston,TX,77030,jdoe@mdanderson.org,7139753466,238990,12662,091awwwds,09578%Hus,32394749,238990,Visa,4989120987670090,Susan,Scott,2024-04-01,750,1515 Holcombe Blvd,Houston,TX,77030,7139753466,309712,32394749,2020-02-26
97473,David,Harris,107 S Indiana Ave,Bloomington,IN,47405,davidh@iu.edu,8127653566,456998,97473,baituoo0987,assd$Aaueu,29402231,456998,Visa,5023981209871180,David,Harris,2024-07-01,343,107 S Indiana Ave,Bloomington,IN,47405,8127653566,233456,29402231,2020-01-28
78234,Michael,Lewis,1156 High St,Santa Cruz,CA,95064,mile@outlook.com,8314549854,679002,78234,123huisizasdc,!@#sdfvfds,89344569,679002,MasterCard,4990912988876120,Jenny,Lewis,2023-03-01,579,1156 High St,Santa Cruz,CA,95064,8314549854,982099,89344569,2020-01-23
65667,Judy,Taylor,3910 Chestnut St,Philadelphia,PA,19104,judy0111@gmail.com,2157679888,123099,65667,12huituziasd,65com1244,12890649,123099,MasterCard,4920891234498720,Judy,Taylor,2021-04-01,940,3910 Chestnut St,Philadelphia,PA,19104,2157679888,213232,12890649,2020-02-01